id,name,category,description,price_inr,image,alt,sizes,colors,featured,source_page,source_name,curation_notes
men-overshirt,Taupe Everyday Overshirt,Men's Clothing,A relaxed button-front overshirt with chest pockets. Wear it open over your everyday tee.,"₹1,364",/assets/images/imgmen2.webp,Model wearing a taupe overshirt over a white T-shirt,S|M|L|XL,Taupe,1,men.html,Premium Cotton Shirt,Name and color corrected from photograph; original price retained; no unverified fabric claim
men-classic-jeans,Classic Fit Blue Jeans,men,An easy straight-leg denim silhouette for everyday outfits. A versatile mid-blue wash.,"1,999.00",/assets/images/imgmen3.jpg,Seated model wearing blue straight-leg jeans and an olive sweatshirt,28|30|32|34,Blue,0,men.html,Slim Fit Jeans,Original image explicitly says classic fit; corrected name and retained price
men-graphic-tee,Botanical Graphic Tee, MEN ,A relaxed cream T-shirt with a bold botanical back print. Made for laid-back streetwear styling.,1287,/assets/images/imgmen4.webp,Back view of a cream T-shirt with a dark botanical graphic,S|M|L|XL,Cream,1,men.html,Graphic Print T-Shirt,Image color and back graphic described accurately; original price retained
men-formal-blazer,Navy Occasion Blazer,men,A sharp navy blazer with a classic lapel. Style it with tailored trousers for an occasion-ready look.,"₹5,199",/assets/images/imgmen5.webp,Model wearing a navy blazer over a white shirt,39|40|42|44,Navy,0,men.html,Formal Blazer,Original price and sizes retained; description limited to visible garment
men-forest-overshirt,Forest Green Overshirt,Men's Clothing,A deep green overshirt with a clean button front. An understated layer for your capsule wardrobe.,1499.00,/assets/images/imgmen1.webp,Forest green overshirt layered over a light T-shirt,S|M|L|XL,Forest green,1,Explore.html,Men’s Clothing,Category thumbnail curated as a product; illustrative demo price and sizes
men-lilac-hoodie,Soft Lilac Hoodie,men,A muted lilac pullover hoodie with a drawstring hood and front pocket. A casual layering staple.,1299.00,/assets/images/explore1.webp,Model wearing a muted lilac pullover hoodie,S|M|L|XL,Lilac,0,Explore.html,Oversized Hoodie Look,Existing editorial photo curated as a product; illustrative demo price and sizes
women-floral-dress,Floral Midi Dress,Women's Clothing,A colorful floral midi dress with a flowing skirt and three-quarter sleeves. An expressive everyday statement.,"₹1,599",/assets/images/women1.jpg,Model wearing a bright pink and orange floral midi dress,S|M|L|XL,Pink floral,1,women.html,Floral Summer Dress,Original price and sizes retained; actual print described
women-denim-jacket,Everyday Denim Jacket,women,A blue denim jacket with chest pockets and a button front. A versatile finishing layer for casual outfits.,"₹2,735",/assets/images/women2.webp,Model wearing a blue denim jacket over a white graphic T-shirt,XS|S|M|L,Blue,0,women.html,Distressed Denim Jacket,Removed unsupported distressed claim; original price and sizes retained
women-skinny-jeans,Blue Skinny Jeans,women,A close-fitting pair of blue jeans with a clean everyday finish. Pair with an oversized shirt or your favorite tee.,1899,/assets/images/women3.webp,Seated model wearing fitted blue jeans and pink sandals,26|28|30|32,Blue,0,women.html,High-Waist Skinny Jeans,Waist rise not visible so claim removed; original price and sizes retained
women-anarkali,Magenta Occasion Dress,women,A sweeping magenta ethnic-style dress with a contrasting pale drape. A colorful option for occasion styling.,3599.00,/assets/images/women4.webp,Model wearing a floor-length magenta dress with a pale pink drape,S|M|L|XL,Magenta,1,women.html,Ethnic Wear,Specific visual description replaces generic title; original price retained
women-floral-kimono,Floral Fringe Kimono,Women's Clothing,A light-colored open layer with a floral print and fringed hem. Adds pattern and movement to a simple outfit.,1199.00,/assets/images/explore9.webp,Model wearing a pale floral kimono with a fringed hem,S|M|L,Cream floral,0,Explore.html,Fringed Kimono Look,Existing editorial photo curated as a product; illustrative demo price and sizes
kids-cartoon-tee,Blue Character Tee,Kids Wear,A cheerful blue short-sleeve tee with a colorful cartoon graphic on the front.,274,/assets/images/imgkids3.webp,Blue short-sleeve children's T-shirt with a Mickey Mouse graphic,4-5Y|6-7Y|8-9Y,Blue,1,kids.html,Cartoon Print T-Shirt,Accurate image description and original price; demo age sizes standardized
kids-baby-set,Pink Baby Outfit,kids,A pale pink long-sleeve baby outfit with a small character illustration. A coordinated look for little ones.,1199,/assets/images/imgkids2.jpg,Baby wearing a pale pink long-sleeve outfit,0-6M|6-12M|12-24M,Pink,0,kids.html,Cotton Baby Romper,Photo does not establish fabric or a one-piece romper; claims removed; price retained
kids-denim-jacket,Kids Dark Denim Jacket,children,A dark blue button-front jacket with chest pockets. A playful finishing layer for a casual outfit.,"₹1,299",/assets/images/imgkids4.webp,Child wearing a dark blue denim jacket over a black top,4-5Y|6-7Y|8-9Y,Navy,0,kids.html,Denim Jacket,Original price retained; sizes standardized for demo
kids-party-dress,Pink Party Dress,kids,A full-skirt pink party dress with floral decoration and a ribbon-style waist detail.,899.00,/assets/images/imgkids5.webp,Child wearing a full-skirt pink party dress with floral decoration,4-5Y|6-7Y|8-9Y,Pink,1,kids.html,Floral Party Dress,Original price retained; visible color and details described
kids-striped-set,Sage Striped Co-ord,Kids Wear,A matching sage-striped top and trouser set with ruffled straps and an easy summer silhouette.,799.00,/assets/images/imgkids1.webp,Sage green striped children's crop top and matching trousers laid flat,4-5Y|6-7Y|8-9Y,Sage,0,Explore.html,Kids Wear,Category thumbnail curated as a product; illustrative demo price and sizes
acc-graffiti-cap,Graffiti Print Cap,Accessory,A curved-brim cap covered in bright graffiti-style artwork. A bold accent for everyday outfits.,299,/assets/images/imgaccscap.jpg,Multicolor graffiti-print baseball cap,One size,Multicolor,0,accessories.html,Colorful Baseball Cap,Original price retained; unsupported stock and size claims removed
acc-floral-handbag,Embroidered Floral Handbag,accessories,A structured green occasion bag with a floral design and a round gold-tone handle.,699.00,/assets/images/imgaccs2.webp,Green floral handbag with a rounded gold-tone handle,,Green,1,accessories.html,Handbags & Clutches,Incorrect baby socks alt text replaced; original price retained
acc-peacock-earrings,Blue Peacock Earrings,accessories,A pair of statement peacock-shaped drop earrings with blue stones and gold-tone detailing.,419,/assets/images/imgaccs3.webp,Pair of gold-tone peacock earrings with blue teardrop stones,,Blue and gold,0,accessories.html,Earrings,Incorrect backpack alt text replaced; material purity not claimed; original price retained
acc-silver-necklace,Silver-Tone Leaf Necklace,accessories,A decorative silver-tone necklace with clustered leaf-shaped details. An accent for occasion outfits.,649.00,/assets/images/explore8.webp,Silver-tone necklace with clustered leaf-shaped details,,Silver tone,0,Explore.html,Layered Accessories,Existing jewelry photo curated as a product; illustrative demo price; no precious-metal claim
foot-colorblock-sneakers,Colorblock Everyday Sneakers,Footwear,Retro-inspired low-top sneakers in orange and green with a contrasting chunky sole.,"₹1,058",/assets/images/footwear2.webp,Pair of orange green and cream low-top sneakers,UK 6|UK 7|UK 8|UK 9|UK 10|UK 11,Orange and green,1,footwear.html,Running Shoes For Men,No performance running claim from a photograph; original price retained
foot-high-top-sneakers,Black & White High-Tops,Shoes,A pair of lace-up high-top sneakers with contrasting black and white panels.,699,/assets/images/footwear3.webp,Pair of black and white high-top sneakers with white laces,UK 6|UK 7|UK 8|UK 9|UK 10,Black and white,0,footwear.html,Outdoor Casual Boot,Photograph shows high-top sneakers instead of boots; original price retained
foot-formal-shoes,Brown Formal Lace-Ups,footwear,Polished-looking brown lace-up shoes with panel detailing. A classic complement to tailored outfits.,1699,/assets/images/footwear4.webp,Pair of brown formal lace-up shoes displayed on blue blocks,UK 6|UK 7|UK 8|UK 9|UK 10,Brown,0,footwear.html,Paragon Men's Tan Formal Shoes,Brand and leather claims not independently verified; original price retained
foot-embellished-heels,Embellished Occasion Heels,footwear,Strappy occasion sandals with decorative sparkling details and a slender heel.,549.00,/assets/images/imgaccs4.jpg,Model wearing embellished strappy high-heel sandals,UK 5|UK 6|UK 7|UK 8,Champagne,0,accessories.html and footwear.html,Footwear,Duplicate card merged into one footwear product; incorrect hair accessories alt replaced; price retained
foot-grey-sneakers,Grey Panel Sneakers,Footwear,A pair of grey low-top sneakers with layered panels and a contrasting white sole.,1399.00,/assets/images/footwear1.webp,Pair of grey and black low-top sneakers with white soles,UK 6|UK 7|UK 8|UK 9|UK 10,Grey,0,Original image collection,footwear1.webp,Existing unused shoe photo curated as a product; illustrative demo price and sizes
